mm,mdd,dd,hr,Ts_C,VPD,u,"precip, mm","P, kPa","O3, ppb","PAR, W m-2"
1,1,1,0,3.28,0.05699,0.52,0.03,91.86,33.904,0
1,1,1,1,3.54,0.07755,0.52,0.03,91.88,32.521,0
1,1,1,2,3.41,0.07661,0.52,0.03,91.87,31.771,0
1,1,1,3,3.09,0.06531,0.52,0.03,91.86,31.242,0
