{
    "canopy": {
        "Es_blocked": false,
        "LAI_total": 0.8985248030082706,
        "Lm_LAI": 0.005,
        "PM": {
            "Eat_acc": 0.0,
            "Eat_hr": 0.0,
            "Ei_acc": 0.0,
            "Ei_hr": 0.0,
            "Es_acc": 0.0,
            "Es_hr": 0.0,
            "Et_acc": 0.0,
            "Et_hr": 0.0,
            "PEt_acc": 0.0,
            "PEt_hr": 0.0,
            "PEt_rsto": null,
            "Sn_diff": 0.0,
            "effective_irrig": 0.0,
            "evapotranspiration": 0.0,
            "intercepted_evaporated": 0.0,
            "percolated": 0.0,
            "percolated_acc": 0.0,
            "precip_acc_dd": 0.12000000000000004,
            "precip_acc_prev_day": 0.12000000000000004,
            "rain_input": 0.0,
            "run_off": 0.0,
            "run_off_acc": 0.0
        },
        "SAI_total": 0.8985248030082706,
        "SMD": {
            "ASW": 0.0,
            "SMD": 0.06607020548895037,
            "SWP": -4.0000000000000036,
            "Sn": 0.12482448627762405
        },
        "Vd": 0.0020515844708888526,
        "canopy_height": 0,
        "met": {
            "PARshade": null,
            "PARsun": null,
            "Tleaf_C": null,
            "micro_O3": null,
            "micro_O3_nmol_m3": null,
            "micro_u": 0.20064011505511445
        },
        "rmodel_H2O": null,
        "rmodel_O3": {
            "Ra": 178.4535704022586,
            "Ra_c": 214.23876831917696,
            "Rb": 81.09622448020092,
            "Rext": [
                2500.0,
                2500.0,
                2500.0,
                2500.0
            ],
            "Rgs": 200,
            "Rinc": [
                115.7794581393103,
                115.7794581393103,
                115.7794581393103,
                115.7794581393103
            ],
            "Rsto": [
                1965.484180249281,
                1965.484180249281,
                1965.484180249281,
                1965.484180249281
            ],
            "Rsur": [
                1181.4719625370983,
                1181.4719625370983,
                1181.4719625370983,
                1181.4719625370983
            ],
            "Rtotal": [
                273.18937036562613,
                326.30712244430964,
                362.8844965515227,
                387.16984900808075
            ],
            "nL": 4
        }
    },
    "canopy_component": [
        {
            "D_0": 2.21010101010101,
            "LAI": 0.8985248030082706,
            "LC_dist": 0.25,
            "R_dc": 1.8278755219358798,
            "SAI": 0,
            "c_harv": 0.2855485811408274,
            "c_leaf": 0.01701339229765861,
            "c_resv": 0.001419430177995347,
            "c_root": 0.03942955799622384,
            "c_stem": 0.08501124248704686,
            "canopy_an_gross": 1.8278755219358798,
            "canopy_anet": 0.0,
            "canopy_gsto": 18.743227390752526,
            "dvi": 0,
            "emergence_rate": 0.0025974025974025974,
            "flag_has_emerged": false,
            "g_bv_H2O": 1972211.9561548147,
            "growing_populations": [
                false,
                false,
                false
            ],
            "has_emerged": true,
            "leaf_pop_distribution": [
                [
                    0.6825299311250105,
                    0.18379576308091838,
                    0.0
                ],
                [
                    0.0,
                    0.8663256942059289,
                    0.0
                ],
                [
                    0.0,
                    0.8663256942059289,
                    0.0
                ],
                [
                    0.0,
                    0.2168264558021545,
                    0.6494992384037741
                ]
            ],
            "npp": 0,
            "npp_acc": 0,
            "phyllochron": 82.37721258036147,
            "plant_height": 0.6891766892378545,
            "rpe": 1.0,
            "t_eff": 18.692500000000006,
            "td_dd": 0,
            "td_dd_leaf_pops": [
                0,0,0
            ],
            "total_emerged_leaf_populations": 3
        }
    ],
    "canopy_component_population": [
        [
            {
                "AOT_0": 0.0,
                "AOT_40": 0.0,
                "A_c": 0.0,
                "A_j": 0.0,
                "A_n": 0.0,
                "A_n_limit_factor": [
                    "NA",
                    "NA",
                    "NA",
                    "NA"
                ],
                "A_p": 0.0,
                "J_max": 109.51403829845886,
                "LAI": 0.6825299311250105,
                "O3up": 0.28287898428804614,
                "O3up_acc": 448.83117624287365,
                "O3up_acc_day": 0.0,
                "O3up_acc_day_prev": 0.0,
                "OT_0": null,
                "OT_40": null,
                "POD_0": 2.663524922221658,
                "POD_Y": 0.0,
                "R_d": 0.3600204179663389,
                "V_cmax": 35.165287415593056,
                "bulk_gsto_per_layer": [
                    14.237574363267719,
                    0.0,
                    0.0,
                    0.0
                ],
                "c_i": 0.0,
                "fLAI_layer": [
                    1.0,
                    0.0,
                    0.0,
                    0.0
                ],
                "fO3_d": 1.0,
                "fO3_h": 1,
                "fO3_l": 0.7755844118785632,
                "f_LA": 0,
                "f_LS": 0,
                "f_VPD": 1.0,
                "g_sv_per_layer": [
                    20000.0,
                    20000.0,
                    20000.0,
                    20000.0
                ],
                "has_emerged": true,
                "is_growing": false,
                "leaf_rmodel_O3": {
                    "Rb": [
                        101.55150964162287,
                        85.98337366108252,
                        72.8018773155797,
                        61.64114194406909
                    ],
                    "Rext": [
                        2500,
                        2500,
                        2500,
                        2500
                    ],
                    "Rsto": [
                        1965.484180249281,
                        1965.484180249281,
                        1965.484180249281,
                        1965.484180249281
                    ]
                },
                "mean_gsto_per_layer": [
                    20.86,
                    20.86,
                    20.86,
                    20.86
                ],
                "rO3": 1.0,
                "t_l_O3": null,
                "t_lep_O3": null,
                "t_lma_O3": null,
                "t_lse_O3": null
            },
            {
                "AOT_0": 0.0,
                "AOT_40": 0.0,
                "A_c": 0.0,
                "A_j": 0.0,
                "A_n": 0.0,
                "A_n_limit_factor": [
                    "NA",
                    "NA",
                    "NA",
                    "NA"
                ],
                "A_p": 0.0,
                "J_max": 109.51403829845886,
                "LAI": 2.1332736072949308,
                "O3up": 0.5654398643213092,
                "O3up_acc": 887.8399316698778,
                "O3up_acc_day": 0.0,
                "O3up_acc_day_prev": 0.0,
                "OT_0": null,
                "OT_40": null,
                "POD_0": 6.305521965071356,
                "POD_Y": 0.0021012746230578676,
                "R_d": 1.1252576930493783,
                "V_cmax": 35.165287415593056,
                "bulk_gsto_per_layer": [
                    3.8339796178679575,
                    18.071553981135676,
                    18.071553981135676,
                    4.522999868032943
                ],