{
    "canopy": {
        "Es_blocked": false,
        "LAI_total": 3.0,
        "Lm_LAI": 0.02,
        "PM": {
            "Eat_acc": 0.0007994226529958609,
            "Eat_hr": 2.5622903885367137e-07,
            "Ei_acc": 0.0037728520527345044,
            "Ei_hr": 2.9556490016207836e-06,
            "Es_acc": 0.0007950357944443097,
            "Es_hr": 2.495727012084355e-07,
            "Et_acc": 6.06759930769764e-06,
            "Et_hr": 7.938939139525574e-09,
            "Sn_diff": 0.0026249150824523442,
            "effective_irrig": 0.002870999999999999,
            "evapotranspiration": 0.000602313688160741,
            "intercepted_evaporated": 0.00030000000000000003,
            "percolated": 0.0019686863118392583,
            "percolated_acc": 0.22866691475188322,
            "precip_acc_dd": 0.000483,
            "precip_acc_prev_day": 0.002870999999999999,
            "rain_input": 0.002870999999999999,
            "run_off": 0.0,
            "run_off_acc": 0.0
        },
        "SAI_total": 3.0,
        "SMD": {
            "ASW": 0.12388163529178195,
            "SMD": 0.0,
            "SWP": -0.015600329309258809,
            "Sn": 0.29
        },
        "Vd": 0.0015731003366310844,
        "canopy_height": 1.0,
        "rmodel_H2O": {
            "Ra": 256.48682623850584,
            "Ra_c": null,
            "Rb": 89.03810024271932,
            "Rext": [
                2500.0
            ],
            "Rgs": 200,
            "Rinc": [
                865.6982387253397
            ],
            "Rsto": [
                66300.0
            ],
            "Rsur": [
                464.3743843805099
            ],
            "Rtotal": [
                null,
                null,
                null,
                null,
                null
            ],
            "nL": 1
        },
        "rmodel_O3": {
            "Ra": 256.48682623850584,
            "Ra_c": 311.7171818332792,
            "Rb": 125.16273700186846,
            "Rext": [
                2500.0
            ],
            "Rgs": 200,
            "Rinc": [
                865.6982387253397
            ],
            "Rsto": [
                100000
            ],
            "Rsur": [
                465.4730845747943
            ],
            "Rtotal": [
                323.9701781615557
            ],
            "nL": 1
        }
    },
    "canopy_component": [
        {
            "Astart": 153,
            "LC_dist": 1.0,
            "SGS": 118,
            "dvi": -1,
            "phyllochron": null,
            "rpe": null,
            "season_Astart_td": 1565.8220833333328,
            "season_SGS_td": 1057.9941666666666,
            "season_sowing_td": 820.9983333333332,
            "sowing_day": 100,
            "t_eff": 6.420416666666667,
            "t_eff_acc": null,
            "t_l_estimate": null,
            "t_lem": null,
            "t_lep": null,
            "t_lma": null,
            "t_lse": null,
            "td": 0
        }
    ],
    "canopy_layer_component": [
        [
            {
                "AOT_0": 24.538162919351453,
                "AOT_40": 7.448761816739226,
                "A_c": null,
                "A_j": null,
                "A_n": null,
                "A_n_acc": 0,
                "A_n_limit_factor": null,
                "A_p": null,
                "D_0": null,
                "FO3_eff": 0.0,
                "J_max_25": null,
                "LAI": 3.0,
                "LAIsunfrac": 0.0,
                "O3up": 0,
                "O3up_acc": 0.0,
                "OT_0": 0,
                "OT_40": 0,
                "POD_0": 0.36234302842761057,
                "POD_Y": 0.0,
                "R_d": null,
                "SAI": 3.0,
                "Tleaf_C_estimate": 4.97,
                "V_cmax_25": null,
                "bulk_gsto": 0.0,
                "c_i": null,
                "fO3_d": 1.0,
                "fO3_h": 1.0,
                "f_LS": null,
                "g_bv_H2O": null,
                "g_sv": null,
                "gsto_params": {
                    "f_O3": 0.9999999999999991,
                    "f_SW": 1.0,
                    "f_VPD": 1.0,
                    "f_light": 0.0,
                    "f_phen": 0,
                    "f_temp": 0.01,
                    "leaf_f_light": 0.0,
                    "leaf_f_phen": 0
                },
                "leaf_gsto": 0.0,
                "leaf_rmodel_O3": {
                    "Rb": 76.57868133967185,
                    "Rext": 2500,
                    "Rsto": 100000
                },
                "mean_gsto": 0.0,
                "td_dd": 0
            }
        ]
    ],
    "canopy_layers": [
        {
            "layer_height": 1.0,
            "micro_met": {
                "PARshade": 0,
                "PARsun": 0,
                "Tleaf_C": null,
                "micro_O3": 17.170313242839345,
                "micro_O3_nmol_m3": 686.2278710827037,
                "micro_u": 0.13000000000000003
            }
        }
    ],
    "external_met": {
        "photoperiod": 10.177870525163312
    },
    "logs": [],
    "met": {
        "O3_50": 23.989,
        "u_50": 0.7337130677855197,
        "ustar": 0.048515750779210436
    },
    "prev_hour": {
        "canopy": {
            "Es_blocked": false,
            "LAI_total": 3.0,
            "Lm_LAI": 0.02,
            "PM": {
                "Eat_acc": 0.0007994226529958609,
                "Eat_hr": 2.5622903885367137e-07,
                "Ei_acc": 0.0037728520527345044,
                "Ei_hr": 2.9556490016207836e-06,
                "Es_acc": 0.0007950357944443097,
                "Es_hr": 2.495727012084355e-07,
                "Et_acc": 6.06759930769764e-06,
                "Et_hr": 7.938939139525574e-09,
                "Sn_diff": 0.0026249150824523442,
                "effective_irrig": 0.002870999999999999,
                "evapotranspiration": 0.000602313688160741,
                "intercepted_evaporated": 0.00030000000000000003,
                "percolated": 0.0019686863118392583,
                "percolated_acc": 0.22866691475188322,
                "precip_acc_dd": 0.000483,
                "precip_acc_prev_day": 0.002870999999999999,
                "rain_input": 0.002870999999999999,
                "run_off": 0.0,
                "run_off_acc": 0.0
            },
            "SAI_total": 3.0,
            "SMD": {
                "ASW": 0.12388163529178195,
                "SMD": 0.0,
                "SWP": -0.015600329309258809,
                "Sn": 0.29
            },
            "Vd": 0.0015731003366310844,
            "canopy_height": 1.0,
            "rmodel_H2O": {
                "Ra": 256.48682623850584,
                "Ra_c": null,
                "Rb": 89.03810024271932,
                "Rext": [
                    2500.0
                ],
                "Rgs": 200,
                "Rinc": [
                    865.6982387253397
                ],
                "Rsto": [
                    66300.0
                ],
                "Rsur": [
                    464.3743843805099
                ],
                "Rtotal": [
                    null,
                    null,
                    null,
                    null,
                    null
                ],
                "nL": 1
            },
            "rmodel_O3": {
                "Ra": 256.48682623850584,
                "Ra_c": 311.7171818332792,
                "Rb": 125.16273700186846,
                "Rext": [
                    2500.0
                ],
                "Rgs": 200,
                "Rinc": [
                    865.6982387253397
                ],
                "Rsto": [
                    100000
                ],
                "Rsur": [
                    465.4730845747943
                ],
                "Rtotal": [
                    323.9701781615557
                ],
                "nL": 1
            }
        },